EMPLOYEE_ID,SALARY,MANAGER,DEPARTMENT
R000001,3082,Colin,Schoonmaak
R000002,4558,Albert,Management
R000003,9849,Eva,Engineering
R000004,4047,Albert,Engineering
R000005,9643,Albert,Sales
R000006,4747,Colin,Sales
R000007,2975,Eva,Tester
R000008,3806,Eva,Schoonmaak
R000009,2189,Diana,Tester
R000010,9101,Albert,Sales
R000011,4734,Albert,Management
R000012,5005,Bob,Sales
R000013,6658,Diana,Schoonmaak
R000014,3899,Bob,Sales
R000015,9734,Bob,Schoonmaak
R000016,3267,Bob,Schoonmaak
R000017,8975,Colin,Schoonmaak
R000018,3528,Colin,Schoonmaak
R000019,5202,Bob,Schoonmaak
R000020,5556,Diana,Management
R000021,5890,Albert,Tester
R000022,2646,Diana,Engineering
R000023,8164,Eva,Tester
R000024,4888,Colin,Schoonmaak
R000025,8310,Albert,Management
R000026,7393,Albert,Sales
R000027,4435,Eva,Management
R000028,2600,Eva,Schoonmaak
R000029,4363,Bob,Management
R000030,4061,Colin,Management
R000031,2241,Colin,Schoonmaak
R000032,4041,Diana,Management
R000033,4824,Bob,Engineering
R000034,9513,Bob,Engineering
R000035,4612,Bob,Management
R000036,9041,Bob,Sales
R000037,3363,Colin,Schoonmaak
R000038,8235,Colin,Engineering
R000039,7486,Bob,Sales
R000040,9099,Diana,Management
R000041,3478,Albert,Sales
R000042,9595,Albert,Tester
R000043,4556,Diana,Engineering
R000044,2775,Bob,Management
R000045,6014,Colin,Schoonmaak
R000046,2034,Albert,Management
R000047,8349,Eva,Schoonmaak
R000048,5152,Eva,Management
R000049,3955,Diana,Sales
R000050,3585,Bob,Sales
R000051,5943,Albert,Sales
R000052,9555,Bob,Tester
R000053,5073,Albert,Schoonmaak
R000054,3021,Diana,Sales
R000055,5461,Diana,Tester
R000056,4613,Eva,Schoonmaak
R000057,7225,Bob,Management
R000058,5843,Eva,Tester
R000059,9989,Bob,Engineering
R000060,3500,Eva,Tester
R000061,6798,Colin,Tester
R000062,8545,Colin,Schoonmaak
R000063,8873,Colin,Management
R000064,7675,Colin,Engineering
R000065,2161,Albert,Sales
R000066,6297,Colin,Sales
R000067,3981,Diana,Tester
R000068,2995,Diana,Schoonmaak
R000069,8413,Albert,Schoonmaak
R000070,6911,Colin,Sales
R000071,5342,Colin,Engineering
R000072,6551,Colin,Management
R000073,9629,Eva,Engineering
R000074,5798,Bob,Management
R000075,3275,Eva,Sales
R000076,3016,Bob,Management
R000077,9869,Colin,Schoonmaak
R000078,8439,Colin,Tester
R000079,9892,Eva,Tester
R000080,8863,Eva,Sales
R000081,9916,Bob,Schoonmaak
R000082,2337,Diana,Engineering
R000083,2878,Bob,Schoonmaak
R000084,3076,Eva,Tester
R000085,6887,Eva,Tester
R000086,5993,Albert,Schoonmaak
R000087,8360,Eva,Schoonmaak
R000088,6859,Albert,Tester
R000089,8331,Diana,Engineering
R000090,2379,Bob,Sales
R000091,2492,Bob,Sales
R000092,9208,Albert,Schoonmaak
R000093,7276,Bob,Sales
R000094,4062,Eva,Tester
R000095,5884,Colin,Tester
R000096,2064,Albert,Schoonmaak
R000097,4568,Bob,Schoonmaak
R000098,7463,Albert,Schoonmaak
R000099,7248,Albert,Engineering
R000100,4027,Colin,Sales
R000101,4695,Eva,Schoonmaak
R000102,3495,Albert,Management
R000103,9230,Bob,Management
R000104,7258,Diana,Tester
R000105,7618,Albert,Sales
R000106,8736,Albert,Schoonmaak
R000107,2391,Colin,Management
R000108,7794,Eva,Sales
R000109,6514,Diana,Tester
R000110,8432,Bob,Engineering
R000111,6474,Diana,Sales
R000112,7892,Bob,Sales
R000113,5561,Eva,Engineering
R000114,4278,Bob,Sales
R000115,9161,Colin,Tester
R000116,8184,Colin,Tester
R000117,5099,Colin,Engineering
R000118,8278,Colin,Schoonmaak
R000119,2200,Diana,Management
R000120,7959,Eva,Schoonmaak
R000121,6875,Bob,Sales
R000122,9073,Bob,Management
R000123,5104,Colin,Engineering
R000124,9215,Colin,Engineering
R000125,6598,Albert,Management
R000126,4454,Eva,Tester
R000127,5645,Diana,Management
R000128,7847,Bob,Sales
R000129,2804,Albert,Tester
R000130,8242,Albert,Engineering
R000131,4731,Bob,Management
R000132,7991,Diana,Schoonmaak
R000133,4773,Albert,Schoonmaak
R000134,3570,Albert,Sales
R000135,7056,Eva,Schoonmaak
R000136,9906,Diana,Management
R000137,8756,Albert,Management
R000138,7581,Diana,Schoonmaak
R000139,4690,Bob,Management
R000140,5840,Colin,Sales
R000141,3028,Albert,Tester
R000142,9385,Eva,Sales
R000143,2502,Bob,Sales
R000144,8910,Diana,Management
R000145,6493,Bob,Tester
R000146,2870,Albert,Management
R000147,8938,Diana,Engineering
R000148,6488,Colin,Management
R000149,2206,Bob,Management
R000150,7134,Albert,Management
R000151,7977,Eva,Tester
R000152,9721,Diana,Management
R000153,9035,Bob,Tester
R000154,3484,Bob,Schoonmaak
R000155,9858,Colin,Engineering
R000156,9742,Colin,Tester
R000157,2863,Eva,Schoonmaak
R000158,4790,Eva,Tester
R000159,9408,Albert,Tester
R000160,2563,Albert,Engineering
R000161,7116,Eva,Sales
R000162,6191,Eva,Sales
R000163,8019,Diana,Tester
R000164,3757,Colin,Management
R000165,8628,Albert,Schoonmaak
R000166,9574,Colin,Management
R000167,8374,Colin,Management
R000168,8892,Eva,Tester
R000169,3678,Diana,Tester
R000170,5242,Bob,Tester
R000171,6636,Diana,Tester
R000172,3059,Diana,Sales
R000173,8668,Colin,Tester
R000174,7279,Diana,Sales
R000175,3722,Albert,Sales
R000176,5314,Colin,Tester
R000177,5157,Albert,Engineering
R000178,7915,Bob,Schoonmaak
R000179,4625,Colin,Management
R000180,4729,Bob,Sales
R000181,8700,Colin,Schoonmaak
R000182,3597,Eva,Engineering
R000183,5060,Diana,Management
R000184,4693,Eva,Management
R000185,6891,Bob,Sales
R000186,7147,Diana,Tester
R000187,7739,Colin,Engineering
R000188,5627,Diana,Sales
R000189,3363,Albert,Engineering
R000190,9965,Diana,Tester
R000191,3981,Albert,Tester
R000192,7450,Diana,Sales
R000193,3663,Albert,Tester
R000194,3529,Bob,Schoonmaak
R000195,4038,Eva,Management
R000196,9515,Colin,Sales
R000197,7592,Diana,Engineering
R000198,5302,Eva,Schoonmaak
R000199,4237,Colin,Sales
R000200,9392,Colin,Tester
R000201,7504,Albert,Tester
R000202,7496,Bob,Tester
R000203,3306,Bob,Tester
R000204,6029,Eva,Engineering
R000205,8776,Bob,Schoonmaak
R000206,4675,Diana,Management
R000207,7068,Bob,Engineering
R000208,7864,Eva,Engineering
R000209,3282,Bob,Management
R000210,9526,Diana,Management
R000211,2709,Albert,Tester
R000212,7575,Eva,Engineering
R000213,7530,Albert,Sales
R000214,6744,Albert,Management
R000215,6413,Albert,Management
R000216,5748,Colin,Schoonmaak
R000217,9392,Colin,Sales
R000218,9986,Albert,Sales
R000219,7353,Eva,Management
R000220,6779,Diana,Tester
R000221,2663,Diana,Schoonmaak
R000222,3998,Bob,Sales
R000223,9994,Eva,Management
R000224,5445,Colin,Sales
R000225,5743,Albert,Schoonmaak
R000226,7727,Bob,Schoonmaak
R000227,3495,Diana,Engineering
R000228,5304,Colin,Management
R000229,5763,Colin,Schoonmaak
R000230,7232,Albert,Engineering
R000231,3853,Diana,Engineering
R000232,7616,Eva,Sales
R000233,8585,Colin,Sales
R000234,6659,Albert,Engineering
R000235,3291,Eva,Sales
R000236,5581,Diana,Schoonmaak
R000237,9974,Colin,Tester
R000238,5457,Eva,Schoonmaak
R000239,9554,Eva,Engineering
R000240,9280,Eva,Engineering
R000241,3636,Colin,Schoonmaak
R000242,5696,Colin,Sales
R000243,4999,Bob,Sales
R000244,5152,Diana,Engineering
R000245,2698,Albert,Management
R000246,4160,Eva,Sales
R000247,6097,Bob,Schoonmaak
R000248,6737,Albert,Sales
R000249,8363,Bob,Schoonmaak
R000250,7685,Colin,Engineering
R000251,2854,Eva,Sales
R000252,7855,Albert,Schoonmaak
R000253,9392,Albert,Engineering
R000254,8528,Albert,Management
R000255,5474,Albert,Schoonmaak
R000256,7757,Albert,Management
R000257,7249,Bob,Management
R000258,7172,Eva,Tester
R000259,3707,Colin,Sales
R000260,4777,Colin,Schoonmaak
R000261,7791,Colin,Management
R000262,3733,Colin,Tester
R000263,7535,Bob,Engineering
R000264,8390,Diana,Schoonmaak
R000265,6931,Eva,Management
R000266,5510,Albert,Sales
R000267,2202,Diana,Tester
R000268,5255,Colin,Management
R000269,6218,Diana,Sales
R000270,6496,Eva,Management
R000271,2766,Albert,Schoonmaak
R000272,6389,Albert,Schoonmaak
R000273,4327,Eva,Schoonmaak
R000274,4931,Eva,Tester
R000275,9777,Colin,Schoonmaak
R000276,2197,Albert,Sales
R000277,9125,Diana,Management
R000278,3930,Bob,Engineering
R000279,5582,Bob,Sales
R000280,8895,Eva,Sales
R000281,8287,Colin,Schoonmaak
R000282,2608,Bob,Tester
R000283,5272,Albert,Management
R000284,3147,Eva,Tester
R000285,6282,Diana,Management
R000286,5397,Eva,Management
R000287,4511,Diana,Tester
R000288,9516,Eva,Sales
R000289,3794,Eva,Management
R000290,2659,Eva,Tester
R000291,4811,Diana,Management
R000292,9098,Diana,Engineering
R000293,8051,Eva,Sales
R000294,8546,Bob,Schoonmaak
R000295,3369,Colin,Management
R000296,3986,Colin,Engineering
R000297,7630,Colin,Schoonmaak
R000298,2146,Diana,Schoonmaak
R000299,5219,Diana,Management
R000300,4911,Bob,Tester
R000301,3734,Colin,Management
R000302,3843,Colin,Engineering
R000303,2488,Eva,Schoonmaak
R000304,4976,Diana,Management
R000305,3959,Colin,Tester
R000306,7759,Bob,Management
R000307,8694,Bob,Sales
R000308,4385,Colin,Tester
R000309,4919,Diana,Engineering
R000310,6736,Bob,Schoonmaak
R000311,3802,Eva,Management
R000312,8616,Bob,Tester
R000313,8065,Albert,Sales
R000314,8294,Albert,Tester
R000315,7534,Diana,Sales
R000316,6061,Colin,Engineering
R000317,5369,Diana,Schoonmaak
R000318,7730,Diana,Engineering
R000319,2262,Diana,Management
R000320,7883,Diana,Tester
R000321,8287,Eva,Sales
R000322,8489,Eva,Sales
R000323,2623,Bob,Tester
R000324,3016,Albert,Tester
R000325,5643,Diana,Management
R000326,6976,Bob,Engineering
R000327,4049,Albert,Sales
R000328,9040,Colin,Management
R000329,7423,Eva,Engineering
R000330,8397,Albert,Management
R000331,5723,Colin,Sales
R000332,6548,Albert,Tester
R000333,5108,Eva,Tester
R000334,7279,Eva,Engineering
R000335,6090,Bob,Schoonmaak
R000336,9158,Diana,Engineering
R000337,4056,Albert,Schoonmaak
R000338,9400,Albert,Management
R000339,5170,Colin,Management
R000340,3682,Eva,Sales
R000341,8959,Albert,Schoonmaak
R000342,4255,Eva,Sales
R000343,3154,Albert,Tester
R000344,6499,Bob,Schoonmaak
R000345,8295,Diana,Engineering
R000346,8197,Albert,Tester
R000347,5191,Eva,Tester
R000348,3696,Bob,Engineering
R000349,5991,Albert,Tester
R000350,6723,Colin,Schoonmaak
R000351,6682,Diana,Sales
R000352,3648,Albert,Tester
R000353,7539,Bob,Schoonmaak
R000354,3445,Colin,Management
R000355,6199,Bob,Schoonmaak
R000356,5923,Bob,Sales
R000357,2253,Colin,Schoonmaak
R000358,9394,Bob,Engineering
R000359,5183,Colin,Sales
R000360,4557,Albert,Management
R000361,7592,Colin,Engineering
R000362,2098,Colin,Schoonmaak
R000363,4200,Diana,Sales
R000364,7980,Colin,Management
R000365,4961,Colin,Engineering
R000366,8015,Albert,Management
R000367,6973,Diana,Schoonmaak
R000368,6433,Eva,Management
R000369,5777,Albert,Tester
R000370,4869,Albert,Engineering
R000371,5234,Eva,Management
R000372,5791,Colin,Schoonmaak
R000373,2956,Bob,Schoonmaak
R000374,7800,Diana,Management
R000375,6067,Bob,Schoonmaak
R000376,2160,Eva,Sales
R000377,7699,Albert,Sales
R000378,8944,Albert,Sales
R000379,6493,Diana,Tester
R000380,3300,Albert,Management
R000381,6911,Albert,Tester
R000382,5987,Diana,Schoonmaak
R000383,3527,Diana,Tester
R000384,8015,Eva,Schoonmaak
R000385,7511,Albert,Schoonmaak
R000386,7254,Albert,Engineering
R000387,3218,Eva,Sales
R000388,6496,Colin,Schoonmaak
R000389,6735,Colin,Engineering
R000390,5104,Colin,Sales
R000391,4735,Eva,Schoonmaak
R000392,6555,Albert,Schoonmaak
R000393,2954,Eva,Tester
R000394,6565,Eva,Tester
R000395,5446,Colin,Sales
R000396,3045,Bob,Schoonmaak
R000397,8893,Albert,Management
R000398,3693,Colin,Tester
R000399,8181,Bob,Sales
R000400,8373,Bob,Schoonmaak
R000401,5436,Diana,Schoonmaak
R000402,2562,Albert,Management
R000403,4485,Bob,Sales
R000404,7895,Colin,Schoonmaak
R000405,5354,Diana,Tester
R000406,8170,Albert,Management
R000407,2225,Eva,Sales
R000408,9444,Colin,Management
R000409,6893,Bob,Tester
R000410,9776,Bob,Sales
R000411,8427,Colin,Management
R000412,9022,Bob,Engineering
R000413,2959,Diana,Tester
R000414,7600,Albert,Tester
R000415,6548,Diana,Tester
R000416,5067,Bob,Engineering
R000417,9996,Eva,Engineering
R000418,2815,Albert,Schoonmaak
R000419,6754,Albert,Management
R000420,9683,Colin,Schoonmaak
R000421,6642,Colin,Management
R000422,7311,Eva,Engineering
R000423,5120,Albert,Engineering
R000424,9679,Eva,Schoonmaak
R000425,2016,Colin,Sales
R000426,9339,Colin,Schoonmaak
R000427,3243,Albert,Management
R000428,4205,Diana,Schoonmaak
R000429,4524,Bob,Tester
R000430,3069,Colin,Management
R000431,5444,Colin,Management
R000432,4565,Diana,Sales
R000433,8242,Diana,Engineering
R000434,7864,Eva,Management
R000435,3060,Eva,Engineering
R000436,4327,Bob,Schoonmaak
R000437,5420,Bob,Tester
R000438,8640,Albert,Sales
R000439,2301,Eva,Engineering
R000440,6276,Colin,Management
R000441,2606,Eva,Engineering
R000442,5170,Colin,Management
R000443,2699,Diana,Engineering
R000444,7088,Eva,Management
R000445,3139,Diana,Schoonmaak
R000446,2190,Bob,Management
R000447,4300,Bob,Management
R000448,2980,Albert,Tester
R000449,4975,Eva,Management
R000450,8102,Diana,Tester
R000451,3184,Colin,Sales
R000452,5327,Bob,Tester
R000453,5394,Bob,Schoonmaak
R000454,2127,Colin,Tester
R000455,4065,Diana,Sales
R000456,3816,Diana,Schoonmaak
R000457,7854,Eva,Engineering
R000458,8709,Eva,Engineering
R000459,2569,Albert,Tester
R000460,7442,Bob,Tester
R000461,3895,Eva,Sales
R000462,4733,Diana,Sales
R000463,5863,Colin,Management
R000464,6721,Diana,Sales
R000465,9455,Bob,Management
R000466,6014,Diana,Schoonmaak
R000467,4901,Albert,Tester
R000468,3686,Bob,Schoonmaak
R000469,5009,Colin,Sales
R000470,9806,Albert,Schoonmaak
R000471,2154,Bob,Schoonmaak
R000472,4537,Colin,Schoonmaak
R000473,3409,Albert,Sales
R000474,6057,Albert,Schoonmaak
R000475,2784,Bob,Management
R000476,5175,Eva,Sales
R000477,9560,Albert,Schoonmaak
R000478,9978,Albert,Sales
R000479,6341,Colin,Engineering
R000480,9343,Diana,Management
R000481,9206,Bob,Schoonmaak
R000482,7596,Bob,Engineering
R000483,7801,Eva,Engineering
R000484,4806,Eva,Sales
R000485,2537,Bob,Engineering
R000486,7986,Eva,Management
R000487,3841,Colin,Management
R000488,7016,Bob,Tester
R000489,4455,Eva,Management
R000490,2524,Bob,Engineering
R000491,8971,Diana,Management
R000492,7625,Albert,Sales
R000493,4950,Bob,Tester
R000494,9992,Albert,Engineering
R000495,6131,Eva,Tester
R000496,6780,Albert,Engineering
R000497,6115,Bob,Sales
R000498,4368,Diana,Tester
R000499,5847,Eva,Schoonmaak
R000500,8655,Bob,Engineering
R000501,6495,Eva,Schoonmaak
R000502,4701,Colin,Tester
R000503,2971,Albert,Schoonmaak
R000504,8002,Colin,Schoonmaak
R000505,8614,Bob,Tester
R000506,3166,Diana,Sales
R000507,7211,Eva,Schoonmaak
R000508,9521,Albert,Schoonmaak
R000509,6929,Eva,Sales
R000510,7919,Bob,Schoonmaak
R000511,4774,Eva,Schoonmaak
R000512,3982,Albert,Schoonmaak
R000513,2853,Bob,Management
R000514,6146,Eva,Sales
R000515,5736,Diana,Schoonmaak
R000516,5769,Bob,Sales
R000517,2574,Bob,Engineering
R000518,5261,Diana,Engineering
R000519,3148,Colin,Schoonmaak
R000520,8293,Albert,Sales
R000521,8457,Colin,Sales
R000522,8713,Eva,Sales
R000523,9509,Diana,Management
R000524,8448,Colin,Engineering
R000525,3715,Bob,Sales
R000526,6777,Eva,Sales
R000527,6933,Eva,Management
R000528,5854,Colin,Management
R000529,7173,Colin,Sales
R000530,9146,Diana,Tester
R000531,4491,Albert,Sales
R000532,4660,Colin,Sales
R000533,9136,Colin,Management
R000534,8407,Bob,Management
R000535,5124,Eva,Sales
R000536,7691,Albert,Sales
R000537,5051,Bob,Sales
R000538,9787,Diana,Management
R000539,2004,Diana,Sales
R000540,7222,Colin,Sales
R000541,7315,Colin,Schoonmaak
R000542,6869,Diana,Tester
R000543,2876,Colin,Engineering
R000544,2991,Albert,Tester
R000545,9027,Colin,Schoonmaak
R000546,9517,Eva,Engineering
R000547,6142,Colin,Sales
R000548,9010,Bob,Schoonmaak
R000549,8966,Albert,Sales
R000550,9079,Bob,Management
R000551,9987,Bob,Schoonmaak
R000552,8799,Eva,Management
R000553,6364,Albert,Schoonmaak
R000554,6465,Albert,Schoonmaak
R000555,2635,Albert,Management
R000556,7225,Albert,Engineering
R000557,3693,Albert,Tester
R000558,3682,Eva,Sales
R000559,6752,Colin,Schoonmaak
R000560,2119,Bob,Sales
R000561,2830,Albert,Management
R000562,7906,Colin,Sales
R000563,5675,Colin,Management
R000564,7177,Bob,Sales
R000565,8070,Eva,Tester
R000566,3369,Diana,Tester
R000567,2740,Diana,Tester
R000568,9641,Colin,Tester
R000569,2116,Bob,Tester
R000570,7949,Diana,Tester
R000571,4838,Colin,Management
R000572,3150,Eva,Schoonmaak
R000573,9560,Diana,Sales
R000574,3931,Colin,Tester
R000575,3012,Colin,Management
R000576,3664,Albert,Management
R000577,3081,Eva,Management
R000578,6729,Albert,Schoonmaak
R000579,2512,Bob,Sales
R000580,9918,Albert,Schoonmaak
R000581,4849,Albert,Engineering
R000582,7215,Diana,Management
R000583,9805,Colin,Engineering
R000584,7237,Eva,Tester
R000585,2559,Albert,Tester
R000586,5672,Eva,Schoonmaak
R000587,6583,Albert,Sales
R000588,9404,Bob,Engineering
R000589,6992,Albert,Sales
R000590,5343,Diana,Schoonmaak
R000591,7308,Colin,Tester
R000592,6070,Bob,Sales
R000593,6799,Albert,Sales
R000594,3470,Eva,Tester
R000595,2580,Bob,Engineering
R000596,8933,Bob,Tester
R000597,9004,Albert,Sales
R000598,4294,Bob,Engineering
R000599,5147,Eva,Engineering
R000600,6249,Bob,Tester
R000601,3679,Eva,Sales
R000602,5506,Albert,Schoonmaak
R000603,7092,Colin,Sales
R000604,9253,Bob,Management
R000605,4744,Colin,Schoonmaak
R000606,5356,Eva,Engineering
R000607,6045,Bob,Schoonmaak
R000608,3243,Diana,Engineering
R000609,7188,Colin,Engineering
R000610,5118,Bob,Schoonmaak
R000611,7104,Colin,Engineering
R000612,4141,Bob,Engineering
R000613,7869,Albert,Management
R000614,7053,Colin,Sales
R000615,5059,Diana,Sales
R000616,6548,Diana,Management
R000617,7323,Eva,Schoonmaak
R000618,4959,Bob,Tester
R000619,4265,Colin,Tester
R000620,8617,Eva,Tester
R000621,4479,Colin,Management
R000622,8484,Bob,Management
R000623,6646,Diana,Engineering
R000624,3635,Albert,Tester
R000625,7408,Diana,Schoonmaak
R000626,9421,Eva,Schoonmaak
R000627,3757,Albert,Tester
R000628,6452,Eva,Tester
R000629,4070,Bob,Tester
R000630,7881,Albert,Management
R000631,8665,Eva,Management
R000632,7877,Bob,Management
R000633,9267,Diana,Sales
R000634,4849,Bob,Schoonmaak
R000635,5251,Colin,Schoonmaak
R000636,9390,Bob,Engineering
R000637,8905,Bob,Management
R000638,5730,Colin,Sales
R000639,4489,Eva,Sales
R000640,3631,Eva,Schoonmaak
R000641,4816,Bob,Management
R000642,3015,Colin,Engineering
R000643,3348,Colin,Management
R000644,6611,Diana,Tester
R000645,5087,Eva,Management
R000646,4839,Albert,Tester
R000647,2335,Eva,Tester
R000648,7878,Eva,Engineering
R000649,8401,Diana,Schoonmaak
R000650,6592,Albert,Management
R000651,2895,Diana,Tester
R000652,8303,Albert,Management
R000653,5546,Bob,Schoonmaak
R000654,2851,Albert,Schoonmaak
R000655,3687,Diana,Sales
R000656,3931,Eva,Schoonmaak
R000657,8833,Albert,Engineering
R000658,5746,Albert,Tester
R000659,4427,Colin,Sales
R000660,3568,Eva,Engineering
R000661,6000,Bob,Management
R000662,7052,Diana,Tester
R000663,4738,Bob,Schoonmaak
R000664,5498,Eva,Tester
R000665,7732,Albert,Management
R000666,7387,Albert,Sales
R000667,9744,Eva,Sales
R000668,7536,Albert,Sales
R000669,7287,Albert,Schoonmaak
R000670,5913,Albert,Engineering
R000671,3066,Diana,Engineering
R000672,9723,Diana,Tester
R000673,6380,Colin,Schoonmaak
R000674,4444,Bob,Sales
R000675,6107,Eva,Sales
R000676,7726,Eva,Management
R000677,5373,Eva,Management
R000678,5969,Colin,Sales
R000679,9420,Diana,Sales
R000680,4546,Colin,Schoonmaak
R000681,2753,Eva,Engineering
R000682,4082,Bob,Management
R000683,4774,Albert,Engineering
R000684,4896,Diana,Schoonmaak
R000685,6185,Diana,Sales
R000686,2775,Colin,Engineering
R000687,8748,Diana,Sales
R000688,9113,Eva,Sales
R000689,3625,Eva,Tester
R000690,5069,Colin,Engineering
R000691,2417,Eva,Engineering
R000692,2114,Bob,Sales
R000693,2616,Colin,Schoonmaak
R000694,5974,Bob,Tester
R000695,5267,Albert,Sales
R000696,2825,Bob,Management
R000697,9668,Albert,Management
R000698,7745,Albert,Tester
R000699,3516,Bob,Schoonmaak
R000700,5146,Colin,Sales
R000701,2412,Eva,Engineering
R000702,9543,Eva,Tester
R000703,9587,Albert,Schoonmaak
R000704,2728,Albert,Engineering
R000705,5348,Colin,Management
R000706,9164,Diana,Management
R000707,4808,Bob,Engineering
R000708,2675,Albert,Tester
R000709,5465,Eva,Management
R000710,7988,Colin,Sales
R000711,4504,Bob,Engineering
R000712,4967,Colin,Engineering
R000713,8335,Bob,Management
R000714,4786,Bob,Tester
R000715,9856,Albert,Sales
R000716,3122,Colin,Tester
R000717,6079,Colin,Schoonmaak
R000718,3571,Eva,Schoonmaak
R000719,7073,Eva,Management
R000720,7104,Albert,Management
R000721,4143,Albert,Management
R000722,3687,Diana,Schoonmaak
R000723,8806,Eva,Tester
R000724,9357,Bob,Tester
R000725,9903,Colin,Management
R000726,6132,Albert,Sales
R000727,5851,Colin,Tester
R000728,5440,Colin,Schoonmaak
R000729,5766,Diana,Engineering
R000730,7644,Eva,Engineering
R000731,4326,Albert,Engineering
R000732,8360,Colin,Sales
R000733,4914,Albert,Management
R000734,6968,Bob,Schoonmaak
R000735,7917,Diana,Sales
R000736,7392,Bob,Schoonmaak
R000737,5952,Albert,Schoonmaak
R000738,8205,Albert,Management
R000739,2595,Eva,Engineering
R000740,7999,Colin,Management
R000741,2728,Colin,Sales
R000742,3365,Bob,Sales
R000743,6492,Diana,Sales
R000744,2698,Colin,Management
R000745,9186,Eva,Schoonmaak
R000746,8320,Bob,Schoonmaak
R000747,7731,Bob,Tester
R000748,2395,Eva,Sales
R000749,8588,Diana,Schoonmaak
R000750,9400,Eva,Tester
R000751,6171,Diana,Schoonmaak
R000752,6360,Eva,Sales
R000753,4502,Eva,Engineering
R000754,3819,Albert,Sales
R000755,2717,Bob,Management
R000756,4782,Eva,Schoonmaak
R000757,9551,Eva,Schoonmaak
R000758,9731,Colin,Management
R000759,6946,Bob,Management
R000760,5577,Colin,Engineering
R000761,7486,Bob,Schoonmaak
R000762,2143,Colin,Schoonmaak
R000763,6980,Eva,Engineering
R000764,5140,Eva,Tester
R000765,9266,Albert,Engineering
R000766,6491,Colin,Sales
R000767,9192,Diana,Schoonmaak
R000768,9091,Albert,Management
R000769,4938,Colin,Sales
R000770,7588,Colin,Schoonmaak
R000771,9651,Albert,Engineering
R000772,5636,Eva,Sales
R000773,5222,Colin,Schoonmaak
R000774,3167,Eva,Tester
R000775,4616,Albert,Tester
R000776,3062,Eva,Management
R000777,4156,Bob,Schoonmaak
R000778,9860,Diana,Tester
R000779,7161,Colin,Engineering
R000780,7305,Diana,Schoonmaak
R000781,4982,Eva,Engineering
R000782,8541,Colin,Engineering
R000783,5294,Eva,Tester
R000784,6729,Bob,Schoonmaak
R000785,3156,Albert,Sales
R000786,9330,Colin,Tester
R000787,7334,Bob,Tester
R000788,2732,Bob,Schoonmaak
R000789,6330,Colin,Schoonmaak
R000790,8801,Eva,Engineering
R000791,6846,Bob,Schoonmaak
R000792,8731,Diana,Engineering
R000793,9176,Bob,Tester
R000794,9241,Eva,Management
R000795,2953,Eva,Sales
R000796,4539,Diana,Tester
R000797,9056,Bob,Schoonmaak
R000798,5324,Eva,Sales
R000799,5301,Colin,Management
R000800,3542,Albert,Management
R000801,7293,Albert,Engineering
R000802,7772,Albert,Sales
R000803,3191,Bob,Engineering
R000804,8313,Diana,Tester
R000805,7512,Eva,Sales
R000806,4993,Colin,Tester
R000807,8938,Colin,Engineering
R000808,4681,Bob,Sales
R000809,3217,Albert,Engineering
R000810,3540,Bob,Sales
R000811,8172,Diana,Engineering
R000812,5236,Diana,Management
R000813,7541,Eva,Engineering
R000814,4386,Eva,Management
R000815,5719,Diana,Engineering
R000816,7615,Diana,Sales
R000817,3388,Diana,Sales
R000818,3856,Bob,Sales
R000819,3365,Diana,Schoonmaak
R000820,2499,Colin,Tester
R000821,3680,Albert,Sales
R000822,2510,Diana,Management
R000823,9494,Albert,Sales
R000824,6312,Bob,Schoonmaak
R000825,3324,Albert,Management
R000826,3155,Bob,Schoonmaak
R000827,3827,Colin,Management
R000828,5141,Bob,Engineering
R000829,9419,Bob,Tester
R000830,5486,Eva,Tester
R000831,3810,Diana,Schoonmaak
R000832,8588,Diana,Tester
R000833,4923,Colin,Schoonmaak
R000834,7301,Colin,Schoonmaak
R000835,4214,Diana,Schoonmaak
R000836,6186,Eva,Tester
R000837,2713,Diana,Schoonmaak
R000838,7977,Eva,Tester
R000839,5602,Colin,Schoonmaak
R000840,6134,Albert,Sales
R000841,9293,Colin,Schoonmaak
R000842,5522,Colin,Management
R000843,6268,Bob,Schoonmaak
R000844,6748,Bob,Engineering
R000845,6849,Bob,Schoonmaak
R000846,3243,Bob,Management
R000847,5709,Eva,Management
R000848,3081,Diana,Tester
R000849,7779,Albert,Sales
R000850,8619,Colin,Schoonmaak
R000851,2455,Eva,Tester
R000852,6924,Albert,Sales
R000853,2894,Eva,Schoonmaak
R000854,3384,Eva,Engineering
R000855,3958,Colin,Schoonmaak
R000856,5072,Diana,Management
R000857,8530,Bob,Management
R000858,3996,Diana,Engineering
R000859,8491,Colin,Tester
R000860,6285,Colin,Sales
R000861,2504,Colin,Schoonmaak
R000862,3214,Albert,Management
R000863,3531,Diana,Tester
R000864,5440,Diana,Engineering
R000865,9576,Eva,Management
R000866,2823,Eva,Engineering
R000867,2928,Eva,Schoonmaak
R000868,7029,Colin,Sales
R000869,7236,Diana,Management
R000870,2133,Colin,Management
R000871,4105,Albert,Schoonmaak
R000872,5627,Eva,Tester
R000873,6780,Colin,Sales
R000874,8815,Colin,Management
R000875,8316,Albert,Sales
R000876,3852,Bob,Management
R000877,6910,Diana,Sales
R000878,7268,Bob,Engineering
R000879,6175,Eva,Management
R000880,4933,Colin,Sales
R000881,5284,Albert,Tester
R000882,6298,Albert,Engineering
R000883,4811,Diana,Engineering
R000884,7348,Bob,Tester
R000885,7795,Diana,Sales
R000886,3250,Colin,Schoonmaak
R000887,7778,Diana,Tester
R000888,7651,Albert,Sales
R000889,5512,Albert,Tester
R000890,9569,Eva,Tester
R000891,8190,Eva,Management
R000892,3256,Colin,Sales
R000893,5376,Bob,Schoonmaak
R000894,7645,Diana,Management
R000895,7262,Colin,Tester
R000896,5486,Eva,Tester
R000897,5584,Diana,Tester
R000898,3396,Eva,Sales
R000899,5637,Diana,Sales
R000900,5330,Bob,Management
R000901,4703,Colin,Schoonmaak
R000902,2470,Diana,Management
R000903,9114,Albert,Engineering
R000904,7131,Albert,Tester
R000905,3353,Diana,Tester
R000906,4783,Diana,Tester
R000907,4831,Diana,Management
R000908,7063,Albert,Management
R000909,2357,Albert,Tester
R000910,5019,Diana,Management
R000911,9575,Eva,Sales
R000912,2667,Eva,Sales
R000913,6468,Bob,Management
R000914,7127,Colin,Tester
R000915,3145,Eva,Management
R000916,7467,Albert,Management
R000917,8819,Eva,Management
R000918,6185,Bob,Engineering
R000919,5719,Bob,Sales
R000920,4745,Colin,Schoonmaak
R000921,9483,Eva,Schoonmaak
R000922,9345,Albert,Engineering
R000923,2539,Albert,Management
R000924,4779,Diana,Engineering
R000925,6964,Albert,Engineering
R000926,6136,Colin,Tester
R000927,6835,Colin,Sales
R000928,5775,Albert,Schoonmaak
R000929,8042,Albert,Management
R000930,8645,Diana,Schoonmaak
R000931,9102,Albert,Schoonmaak
R000932,9312,Diana,Sales
R000933,7320,Diana,Schoonmaak
R000934,7024,Albert,Schoonmaak
R000935,8132,Bob,Engineering
R000936,9891,Bob,Sales
R000937,4508,Diana,Tester
R000938,4779,Albert,Management
R000939,8895,Bob,Schoonmaak
R000940,2924,Albert,Management
R000941,4956,Albert,Tester
R000942,3581,Albert,Management
R000943,9714,Eva,Tester
R000944,5324,Albert,Engineering
R000945,6485,Eva,Schoonmaak
R000946,7713,Diana,Tester
R000947,9026,Bob,Management
R000948,2255,Bob,Schoonmaak
R000949,6804,Bob,Engineering
R000950,3838,Bob,Schoonmaak
R000951,3944,Bob,Tester
R000952,8593,Bob,Engineering
R000953,2009,Bob,Management
R000954,4871,Diana,Engineering
R000955,2797,Albert,Engineering
R000956,9409,Colin,Sales
R000957,9418,Eva,Engineering
R000958,6972,Colin,Engineering
R000959,7124,Colin,Schoonmaak
R000960,9286,Albert,Management
R000961,3015,Albert,Schoonmaak
R000962,3824,Albert,Schoonmaak
R000963,6469,Bob,Tester
R000964,5136,Diana,Schoonmaak
R000965,4193,Bob,Sales
R000966,2223,Diana,Sales
R000967,7358,Diana,Tester
R000968,8320,Colin,Management
R000969,7898,Colin,Management
R000970,6948,Diana,Schoonmaak
R000971,9449,Diana,Schoonmaak
R000972,6158,Bob,Schoonmaak
R000973,7336,Bob,Management
R000974,5925,Colin,Engineering
R000975,8970,Albert,Sales
R000976,8938,Diana,Engineering
R000977,6784,Bob,Engineering
R000978,7580,Colin,Management
R000979,6000,Bob,Engineering
R000980,3633,Diana,Tester
R000981,4152,Diana,Schoonmaak
R000982,9266,Eva,Tester
R000983,2510,Albert,Sales
R000984,2384,Eva,Schoonmaak
R000985,2404,Colin,Engineering
R000986,8966,Bob,Sales
R000987,6613,Colin,Schoonmaak
R000988,6571,Diana,Engineering
R000989,4000,Eva,Tester
R000990,4756,Eva,Schoonmaak
R000991,3668,Eva,Engineering
R000992,7989,Colin,Tester
R000993,8914,Diana,Sales
R000994,3460,Bob,Sales
R000995,9190,Bob,Sales
R000996,9140,Colin,Sales
R000997,5636,Eva,Management
R000998,4724,Albert,Schoonmaak
R000999,6809,Colin,Schoonmaak
R001000,9625,Colin,Management
